Parameter,Low (−20%),High (+20%),Low Δ,High Δ,Range
Capacity,1078635.3506033218,950692.3576158963,67189.16007806594,-60753.8329093596,127942.99298742553
Transport Cost,912724.069453852,1082854.030266636,-98722.12107140385,71407.83974138019,170129.96081278403
Fixed Cost,880545.0252221968,1118905.0868173148,-130901.16530305904,107458.89629205898,238360.06159511802
Demand,836290.1887099226,1147188.9161277101,-175156.00181533326,135742.72560245427,310898.72741778754
